{"load": [0.0, 0.030303030303030304, 0.06060606060606061, 0.09090909090909091, 0.12121212121212122, 0.15151515151515152, 0.18181818181818182, 0.21212121212121213, 0.24242424242424243, 0.2727272727272727, 0.30303030303030304, 0.33333333333333337, 0.36363636363636365, 0.3939393939393939, 0.42424242424242425, 0.4545454545454546, 0.48484848484848486, 0.5151515151515151, 0.5454545454545454, 0.5757575757575758, 0.6060606060606061, 0.6363636363636364, 0.6666666666666667, 0.696969696969697, 0.7272727272727273, 0.7575757575757576, 0.7878787878787878, 0.8181818181818182, 0.8484848484848485, 0.8787878787878788, 0.9090909090909092, 0.9393939393939394, 0.9696969696969697], "elastic_energy": [0.0, 0.00045913682277318646, 0.0018365472910927458, 0.004132231404958678, 0.007346189164370983, 0.011478420569329661, 0.01652892561983471, 0.022497704315886137, 0.029384756657483933, 0.03719008264462809, 0.045913682277318645, 0.055555555555555566, 0.06611570247933884, 0.0775941230486685, 0.08999081726354455, 0.10330578512396696, 0.11753902662993573, 0.13269054178145087, 0.14876033057851237, 0.16574839302112032, 0.18365472910927458, 0.2024793388429752, 0.22222222222222227, 0.24288337924701564, 0.2644628099173554, 0.2869605142332415, 0.310376492194674, 0.49537990126250814, 0.41988051542642335, 0.35686924385168295, 0.30405882731568395, 0.2596272405194589, 0.2221133222251546], "fracture_energy": [0.0, 0.0, 0.0, 0.0, 0.0, 0.0, 0.0, 0.0, 0.0, 0.0, 0.0, 0.0, 0.0, 0.0, 0.0, 0.0, 0.0, 0.0, 0.0, 0.0, 0.0, 0.0, 0.0, 0.0, 0.0, 0.0, 0.0, 0.001031992842013718, 0.01958873331764388, 0.03814547379327393, 0.056702214268904205, 0.07525895474453426, 0.09381569522016442], "total_energy": [0.0, 0.00045913682277318646, 0.0018365472910927458, 0.004132231404958678, 0.007346189164370983, 0.011478420569329661, 0.01652892561983471, 0.022497704315886137, 0.029384756657483933, 0.03719008264462809, 0.045913682277318645, 0.055555555555555566, 0.06611570247933884, 0.0775941230486685, 0.08999081726354455, 0.10330578512396696, 0.11753902662993573, 0.13269054178145087, 0.14876033057851237, 0.16574839302112032, 0.18365472910927458, 0.2024793388429752, 0.22222222222222227, 0.24288337924701564, 0.2644628099173554, 0.2869605142332415, 0.310376492194674, 0.49641189410452186, 0.43946924874406723, 0.3950147176449569, 0.36076104158458816, 0.33488619526399316, 0.315929017445319], "solver_data": [], "cone_data": [{"iterations": [], "error_x_L2": [], "lambda_k": [], "lambda_0": [], "y_norm_L2": []}, {"iterations": [], "error_x_L2": [], "lambda_k": [], "lambda_0": [], "y_norm_L2": []}, {"iterations": [], "error_x_L2": [], "lambda_k": [], "lambda_0": [], "y_norm_L2": []}, {"iterations": [], "error_x_L2": [], "lambda_k": [], "lambda_0": [], "y_norm_L2": []}, {"iterations": [], "error_x_L2": [], "lambda_k": [], "lambda_0": [], "y_norm_L2": []}, {"iterations": [], "error_x_L2": [], "lambda_k": [], "lambda_0": [], "y_norm_L2": []}, {"iterations": [], "error_x_L2": [], "lambda_k": [], "lambda_0": [], "y_norm_L2": []}, {"iterations": [], "error_x_L2": [], "lambda_k": [], "lambda_0": [], "y_norm_L2": []}, {"iterations": [], "error_x_L2": [], "lambda_k": [], "lambda_0": [], "y_norm_L2": []}, {"iterations": [], "error_x_L2": [], "lambda_k": [], "lambda_0": [], "y_norm_L2": []}, {"iterations": [], "error_x_L2": [], "lambda_k": [], "lambda_0": [], "y_norm_L2": []}, {"iterations": [], "error_x_L2": [], "lambda_k": [], "lambda_0": [], "y_norm_L2": []}, {"iterations": [], "error_x_L2": [], "lambda_k": [], "lambda_0": [], "y_norm_L2": []}, {"iterations": [], "error_x_L2": [], "lambda_k": [], "lambda_0": [], "y_norm_L2": []}, {"iterations": [], "error_x_L2": [], "lambda_k": [], "lambda_0": [], "y_norm_L2": []}, {"iterations": [], "error_x_L2": [], "lambda_k": [], "lambda_0": [], "y_norm_L2": []}, {"iterations": [], "error_x_L2": [], "lambda_k": [], "lambda_0": [], "y_norm_L2": []}, {"iterations": [], "error_x_L2": [], "lambda_k": [], "lambda_0": [], "y_norm_L2": []}, {"iterations": [], "error_x_L2": [], "lambda_k": [], "lambda_0": [], "y_norm_L2": []}, {"iterations": [], "error_x_L2": [], "lambda_k": [], "lambda_0": [], "y_norm_L2": []}, {"iterations": [], "error_x_L2": [], "lambda_k": [], "lambda_0": [], "y_norm_L2": []}, {"iterations": [], "error_x_L2": [], "lambda_k": [], "lambda_0": [], "y_norm_L2": []}, {"iterations": [], "error_x_L2": [], "lambda_k": [], "lambda_0": [], "y_norm_L2": []}, {"iterations": [], "error_x_L2": [], "lambda_k": [], "lambda_0": [], "y_norm_L2": []}, {"iterations": [], "error_x_L2": [], "lambda_k": [], "lambda_0": [], "y_norm_L2": []}, {"iterations": [], "error_x_L2": [], "lambda_k": [], "lambda_0": [], "y_norm_L2": []}, {"iterations": [], "error_x_L2": [], "lambda_k": [], "lambda_0": [], "y_norm_L2": []}, {"iterations": [], "error_x_L2": [], "lambda_k": [], "lambda_0": [], "y_norm_L2": []}, {"iterations": [], "error_x_L2": [], "lambda_k": [], "lambda_0": [], "y_norm_L2": []}, {"iterations": [], "error_x_L2": [], "lambda_k": [], "lambda_0": [], "y_norm_L2": []}, {"iterations": [], "error_x_L2": [], "lambda_k": [], "lambda_0": [], "y_norm_L2": []}, {"iterations": [], "error_x_L2": [], "lambda_k": [], "lambda_0": [], "y_norm_L2": []}, {"iterations": [], "error_x_L2": [], "lambda_k": [], "lambda_0": [], "y_norm_L2": []}], "eigs": [[0.9999999999999997, 0.9999999999999999, 4.000000000000001], [0.9999999999999997, 0.9999999999999999, 4.000000000000001], [0.9999999999999997, 0.9999999999999999, 4.000000000000001], [0.9999999999999997, 0.9999999999999999, 4.000000000000001], [0.9999999999999997, 0.9999999999999999, 4.000000000000001], [0.9999999999999997, 0.9999999999999999, 4.000000000000001], [0.9999999999999997, 0.9999999999999999, 4.000000000000001], [0.9999999999999997, 0.9999999999999999, 4.000000000000001], [0.9999999999999997, 0.9999999999999999, 4.000000000000001], [0.9999999999999997, 0.9999999999999999, 4.000000000000001], [0.9999999999999997, 0.9999999999999999, 4.000000000000001], [0.9999999999999997, 0.9999999999999999, 4.000000000000001], [0.9999999999999997, 0.9999999999999999, 4.000000000000001], [0.9999999999999997, 0.9999999999999999, 4.000000000000001], [0.9999999999999997, 0.9999999999999999, 4.000000000000001], [0.9999999999999997, 0.9999999999999999, 4.000000000000001], [0.9999999999999997, 0.9999999999999999, 4.000000000000001], [0.9999999999999997, 0.9999999999999999, 4.000000000000001], [0.9999999999999997, 0.9999999999999999, 4.000000000000001], [0.9999999999999997, 0.9999999999999999, 4.000000000000001], [0.9999999999999997, 0.9999999999999999, 4.000000000000001], [0.9999999999999997, 0.9999999999999999, 4.000000000000001], [0.9999999999999997, 0.9999999999999999, 4.000000000000001], [0.9999999999999997, 0.9999999999999999, 4.000000000000001], [0.9999999999999997, 0.9999999999999999, 4.000000000000001], [0.9999999999999997, 0.9999999999999999, 4.000000000000001], [0.9999999999999997, 0.9999999999999999, 4.000000000000001], [0.9999999999999994, 0.9999999999999999, 3.9876415934699914], [0.9999999999999999, 0.9999999999999999, 3.7737972508460613], [0.9999999999999999, 0.9999999999999999, 3.574700793920337], [0.9999999999999999, 1.0000000000000002, 3.38887743412299], [0.9999999999999997, 0.9999999999999999, 3.2150426781835413], [1.0000000000000002, 1.0000000000000002, 3.0520725944903044]], "cone-stable": [true, true, true, true, true, true, true, true, true, true, true, true, true, true, true, true, true, true, true, true, true, true, true, true, true, true, true, true, true, true, true, true, true], "non-bifurcation": [false, false, false, false, false, false, false, false, false, false, false, false, false, false, false, false, false, false, false, false, false, false, false, false, false, false, false, false, false, false, false, false, false],